comment,replies,date,user_name
"Have you got color in your cheeks?
Do you ever get that fear that you can't shift
The tide that sticks around like something in your teeth?
Are there some aces up your sleeve?
No idea that you're in deep
I dreamt about you nearly every night this week
How many secrets can you keep?
'Cause there's this tune I found
That makes me think of you somehow
And I play it on repeat
Until I fall asleep
Spilling drinks on my settee
Do I wanna know
If this feeling goes both ways?
It's sad to see you go
Sorta hoping that you'd stay
Darlin', we both know
That the nights are mainly made
For sayin' things that you can't say tomorrow day
Crawling back to you
Ever thought of callin' when you've had a few?
'Cause I always do
Maybe I'm too
Busy being yours to fall for somebody new
Now, I've thought it through
Do I wanna know
If this feeling goes both ways?
It's sad to see you go
Was sort of hopin' that you'd stay
Darlin', we both know
That the nights are mainly made
For saying things that you can't say tomorrow day
Oh, crawlin' back to you
Ever thought of callin' when you've had a few? (Goes both ways)
'Cause I always do
Maybe I'm too (was sort of hopin' that you'd stay)
Busy being yours to fall for somebody new (goes both ways)
Now, I've thought it through (had a few)
Crawlin' back to you (was sort of hopin' that you'd stay)
Ever thought of callin' when you've had a few? (Goes both ways)
'Cause I always do
Maybe I'm too (was sort of hopin' that you stay)
Busy being yours to fall for somebody new (flows both ways)
Now, I've thought it through
Crawlin' back to you (was sort of hopin' that you'd stay)
Ever thought of callin' when you've had a few? (Goes both ways)
'Cause I always do",[],,
so strange. just got out of the hospital my brothers admitted in for a fractured fibula and a dislocated tibia and so after a relocation procedure and his meds wore off a little he told me that the drugs felt like the â€œdo i wanna knowâ€ music video by artic monkeys and iâ€™d never seen it before so here i am. watching it. his surgeryâ€™s tomorrow.,[],,
I like this songs there's nothing wrong with it,[],,
"EstÃ¡ canciÃ³n me recuerda a mi ex,siempre la escuchaba",[],,
"""Nothing beats driving a Ford F-150""",[],,
â¤â¤â¤â¤ te amo canciÃ³n,[],,
Around,[],,
Yes,[],,
Good one are free the bad one have to stay,[],,
Too many. I have PTSD,[],,
iâ€™m ppppp,[],,
guys i put this song on a osciloscope and it doenst look like the vid at all dont be fooled!!,[],,
Agosto 15 2025,[],,
WTF I knew it was a big song but it sure didn't have 1 800 000 000 view like dammm when did that happen this song is starting to get old but is more popular then ever. Is that what you call timeless?,[],,
MobLand which is awesome,[],,
"Can you see the music ?
Yes i can",[],,
Anyone 15. of August? Its Judgmentday. Pray for Humankind.,[],,
ğŸ¤˜ğŸ»,[],,
Espectacular ğŸ«µğŸ˜µâ€ğŸ’«ğŸ˜µğŸ«¨ğŸ¤¯ğŸ¤—,[],,
Quien en 2025ğŸ‰â¤,[],,
The CrewğŸ˜¢,[],,
Alguien en agosto de 2025?,[],,
Amazing song!!!â¤,[],,
"Donâ€™t release who was in the the room.          

~Donald Trump",[],,
1:15 â¤,[],,
"Here i am, mate... August 2025, 14th, finally i can hear rock music instead of the musical rubbish One Is obliged to swallow on the beach on holiday",[],,
3:47 my favourite part,[],,
When you hear that â€œcheeksâ€ you know the song gonna be goodâ¤,[],,
"For one song, just a few minutes long, this Turner fella tapped into the essence of Dave Gahan.",[],,
â¤ï¸,[],,
"I don't know but the song have a certain charm on it, I think this is my 100th time I listen on this song. It's not tiring to hear like some songs were I only listen 10 times a week.",[],,
"God doesn't make mistakes but my daughter has been robbed 15 17 years of our lives away from someone who wasn't a bad person and not just her. My biologicals ADDYSON troy savannah and Breanna was robbed from us all by that piece of CRAP one too many kiss ass for. We're catching up and it's gonna hit like a tornado full force 

Mark my words",[],,
"when the beers start tasting like the brown gentleman across the room is looking at me funny , this song starts.",[],,
Yes sir,[],,
Remember my ex bf so I never listen to this song anymore ğŸ¥²,['Fr some songs reminds me of people I donâ€™t wanna rememberğŸ™‚'],,
This song smells like cigarettes and leather jackets,[],,
One of the best songs to fall asleep too in my opinion â¤,[],,
Beautiful ğŸ”¥ğŸ”¥ğŸ”¥ğŸ”¥,[],,
505,[],,
Qjvjskvnâ¤ğŸ‰ğŸ˜ŠğŸ˜ŠğŸ˜‡ğŸ˜‡ğŸ’ğŸ’ğŸ’•ğŸ˜ğŸ˜ğŸ¤©ğŸ‰ğŸ±ğŸ’ğŸ§¡ğŸ§¡ğŸ¥³ğŸ¥³ğŸ’ğŸ¥°ğŸ‘ğŸ»ğŸ˜˜ğŸŠğŸ©,[],,
Imagine being the girl this song was written for â¤ I'd die,[],,
Anyone here 8/25 bec of Hozier,[],,
"The sexiest song ever written. My Mrs actually calls it my sex song ğŸ˜‚ğŸ˜‚ğŸ˜‚. Never fucked to it though, too slow.",[],,
Coming Back to you...,[],,
Do i wanna know?ğŸ˜®,[],,
"12 years on, STILL A F'N BANGER!!âœŒğŸ˜ğŸ‘",[],,
Perfectaâ¤,[],,
"â€œI believe youâ€™d be wrong about that, childâ€",[],,
Listen to this a lot through college,[],,
VocÃª ğŸ’­,[],,
Temazo,[],,
Anyone August 2025?,"['yep, you got me a attention', 'No']",,
Listening to this master piece on a random Tuesday at 4:36 am 2025ğŸ§¡,[],,
Why did I discover this song just now? ğŸ˜­ğŸ˜­,[],,
Itâ€™s crazy this song was released 12 years ago but it still scratches my brain,[],,
"I first learned about this song through a friend and my story between him, and I is almost parallel to the one in this song. This song makes me think of him, and I play it before I fall asleep. sometimes I even dream of him. To be honest, I donâ€™t know if I wanna know that he thinks the same. I havenâ€™t heard from him in a while so itâ€™s possible he doesnâ€™t wanna talk to me anymore.",[],,
I fear I was brought here by cringer reviews we might be cooked,[],,
12years????,[],,
the crew is all i can think about when i hear this song,[],,
Hi Iâ€™m here too ğŸ‘‹ This song â¤ï¸â€ğŸ”¥,[],,
â€œItâ€™s diarrheaâ€,[],,
He if you got color in yours cheeks do you ever up your sleep have you dreamt many secrets tune l found,[],,
do i wanna know ?,"[""That's what everyone wants to know"", 'yea, lemme ask ya, do i wanna know~?']",,
Patience is the key.,[],,
Makes me think who is king in cars,[],,
â¤â¤â¤â¤â¤,[],,
August 9,[],,
Fuckin shite just like the memes,"['fym shit? \nwhat music you like then?', '\u200b@PierceTheKry im not really a big music fan but I kinda like Queen, Black Sabbath, Duran Duran, Abba, Michael Jackson, Living Colour, Kate Bush, Nirvana, David Bowie, The Monkees, Iron Maiden & YES.', '\u200b@@PierceTheKryhttps://youtube.com/shorts/KUwoGoWmVeI?si=uksl5E_tBTRp50j1']",,
Do you yet know about bobs death? No?,[],,
"Anyone Aug 10,2025?",[],,
l love  this musicğŸ¤£ğŸ¤£ğŸ¤£ğŸ¤£ğŸ¤£ğŸ¤£ğŸ¤£ğŸ¤£ğŸ¤£ğŸ¤£ğŸ¤£ğŸ¤£ğŸ¤£ğŸ¤£ğŸ¤£ğŸ¤£ğŸ¤£ğŸ¤£ğŸ¤£ğŸ¤£ğŸ¤£ğŸ¤£ğŸ¤£ğŸ¤£ğŸ¤£ğŸ¤£ğŸ¤£ğŸ¤£ğŸ¤£ğŸ¤£ğŸ¤£ğŸ¤£ğŸ¤£â¤ï¸â¤ï¸â¤ï¸â¤ï¸â¤ï¸â¤ï¸â¤ï¸â¤ï¸â¤ï¸â¤ï¸â¤ï¸â¤ï¸â¤ï¸â¤ï¸â¤ï¸â¤ï¸â¤ï¸â¤ï¸â¤ï¸â¤ï¸â¤ï¸â¤ï¸â¤ï¸â¤ï¸â¤ï¸â¤ï¸â¤ï¸â¤ï¸â¤ï¸â¤ï¸â¤ï¸â¤ï¸â¤ï¸â¤ï¸â¤ï¸â¤ï¸â¤ï¸â¤ï¸â¤ï¸,[],,
Behind every famous person there are another million that go unseen.ğŸ˜Š,[],,
For my oneâ¤,[],,
2:50 what was that. ( ik full well what it is Iâ€™m quoting the meme),[],,
You're not the good guys.ğŸ˜…,[],,
This song just feels like a ford f150 comersial with that guitar,[],,
"This random sloot I dated sang this perfectly, word for word to me before running off to bang a bunch of gross dumb beans n blacks instead of getting that delta  D. Hoes be dumb. Cool memory and amazing song tho",['Just because your girl wanted something better then you doesnâ€™t mean weâ€™re grossğŸ˜¹'],,
Porn song,[],,
My favorite song that played when my brother played the crew.. so many memories,[],,
August 2025... still spilling drinks on my sexy ğŸ˜‚â¤,[],,
Anyone today:),[],,
What is the name of Arctic Monkeys song?,[],,
My ring tone,[],,
ğŸ¤˜ğŸ»ğŸ–¤,[],,
Love â¤ this tune ğŸ™,[],,
0:05,[],,
"If you're reading this right now, I just want to say; I'm rooting for you. Weâ€™re strangers, but that doesnâ€™t mean I donâ€™t care. I know what itâ€™s like to feel like you're pushing a boulder uphill. I felt that way until I picked up Manifest the Unseen by Luna Rivers I canâ€™t explain it perfectly, but it changed my whole perspective. After checking it out on youtube and reading it things have been flowingâ€”money, peace, confidence. Maybe this is your moment too. Stay open. Wishing you more than you ever imagined! ğŸ’«ğŸ’°",[],,
"So many people praised this book Manifest the Unseen by Luna Rivers that I finally had to see for myself. No regrets whatsoever this book genuinely opened my eyes. Manifestation finally makes sense, and the changes Ive experienced are incredible. It deserves all the recommendations its getting. Don't sleep on this!",[],,
nice!ğŸ’«ğŸ’°,[],,
"This comment section probably wonâ€™t remember me, but maybe someone scrolling needs this. A few months ago I hit a wall. Nothing made sense. I bought Manifest the Unseen by Luna Rivers after seeing it here on yt. I had no expectations. But chapter by chapter, it broke something open in me. Not motivation â€” momentum. Wishing that for you too.âœ¨â¤",[],,
You can only care so much before you've counted so many blades of grass you realize you have only taken one step forward a meter long.â¤,[],,
Overrated song featuring for an even more overrated series,"[""When you're clueless and dumb, This is how you think"", ""\u200b\u200b@@benedictjulius9199 And when you just decide to blindly uphold & follow what is new, trending & an overhyped overblown fuss without that thing being actually any good, that is what happens.. Listen to Pennyworth theme song - it's miles better than this overrated garbage pile"", ""If u don't like it dont listen to it.. I just listen to whatever feels good to my ears u should do that as well""]",,
This song peaks when your speeding on the highway windows down late at night. thinking about the girl that keeps popping up in your dreams,[],,
I play this song out loud whenever its just me and him alone. He always glances.,[],,
ğŸ˜µâ€ğŸ’«ğŸ¥´ğŸ¤«ğŸ˜µâ€ğŸ’«ğŸ’ğŸ˜˜ğŸ¤—,[],,
"è²¡é‹
Â Â Â Â Â Â Â  æ¨æ–¹èƒ½å¾—ï¼Œä¸æ¨ä¸å¾—ï¼Œæ¨å³ä½ˆæ–½ã€‚1.è²¡ä½ˆæ–½å¾—è²¡å¯Œã€‚
Â Â Â Â Â Â Â  2.æ³•ä½ˆæ–½ã€‚å‡¡æ˜¯åˆ¥äººæƒ³çŸ¥é“ã€æƒ³å­¸ç¿’çš„åˆäºæ­£é“çš„æ–¹æ³•ï¼Œåªè¦è‡ªå·±æ‡‚ã€è‡ªå·±æœƒï¼Œå°±ç†±å¿ƒå»æ•™ï¼Œèƒ½å¤ å¾—è°æ˜æ™ºæ…§çš„æœå ±ã€‚
Â Â Â Â Â Â Â  3.ç„¡ç•ä½ˆæ–½ã€‚å³åœ¨çœ¾ç”Ÿèº«å¿ƒä¸å®‰ã€ææ‡¼å®³æ€•æ™‚ï¼Œèƒ½å¤ å¹«åŠ©å…¶æ¶ˆé™¤ææ‡¼ï¼Œå¦‚æ­¤æœƒå¾—å¥åº·é•·å£½çš„æœå ±ã€‚
Â Â Â Â Â Â Â  æ›¾æœ‰ä¸€å€‹å­¸å“¡åŠŸå¾·å¾ˆå¤§ï¼Œè‡ªå·±æåŠ©äº†è¨±å¤šè²§å›°çš„å­©å­ï¼Œå®¶è£¡é‚„é¤Šäº†å…«å€‹å­©å­ï¼Œè¦ªç”Ÿçš„å»åªæœ‰å…©å€‹ã€‚é›¢å©šå¾Œè·Ÿå¥¹å©†å©†èªªï¼šã€Œæˆ‘ä»€éº¼éƒ½æ²’çµ¦éå¦³ï¼Œæˆ‘çµ¦å¦³è²·è™•æˆ¿å­ã€‚ã€å°±å°‡åƒ…æœ‰çš„å¹¾è¬å¡ŠéŒ¢å¥‰ç»çµ¦äº†å©†å©†ï¼Œä¹‹å¾Œå¥¹æ¯å¹´ä»å …æŒéå¹´éç¯€åŠå©†å©†ç”Ÿæ—¥å»å­æ•¬å©†å©†ï¼Œå¾ˆä»¤äººæ„Ÿå‹•ã€‚æ­¤å¤–ï¼Œå¥¹æ¯å¹´éƒ½è¦è¦ªè‡ªå»è²§å›°åœ°å€ææ¬¾ï¼Œé€ä¸€äº›è¡£ç‰©ã€‚å¥¹ç•¶åˆæ²’éŒ¢ï¼Œå¾ä¸€å€‹æ‹¾ç ´çˆ›çš„åˆ°ä»Šå¤©æœ‰äº†è‡ªå·±çš„ç”Ÿæ„ï¼Œä¸¦æœ‰å…©è™•æˆ¿å­ï¼Œé€™éƒ½æ˜¯æ¨ä¾†çš„ã€‚
Â Â Â Â Â Â Â  è²ªå°ä¾¿å®œåƒå¤§è™§çš„é“ç†ã€‚é€™å€‹æ˜“ç¶“å¤ªæ¥µåœ–ï¼Œå‡ºå»çš„æ˜¯ä¸€å€‹é­šå°¾å·´ï¼Œå›ä¾†çš„å»æ˜¯ä¸€å€‹å¤§è…¦è¢‹ã€‚è¦æ˜¯è²ªå°ä¾¿å®œï¼Œç­‰åˆ°æ˜å¹´åƒè™§å°±æ¯”ä»Šå¹´å¤§ã€‚
Â Â Â Â Â Â Â  ä»€éº¼å«è²ªå°ä¾¿å®œï¼Ÿæ¯”å¦‚æŠŠå–®ä½çš„ä¿¡å°ã€ä¿¡ç´™ç­‰æ±è¥¿å¸¶å›å®¶ï¼Œå–®ä½åˆ†æ±è¥¿æ™‚å…ˆæŒ‘å¥½çš„ï¼Œç‚ºè¬›åƒ¹éŒ¢è·Ÿåšå°è²·è³£çš„çˆ­åµç­‰ç­‰ã€‚å¤äººæ›¾è¨“èª¡ï¼šã€Œäºè‚©æŒ‘å°è²©ã€è‹¦åŠ›ï¼Œè«è¨ä¾¿å®œã€‚ã€
        è²ªå¿ƒéé‡çš„è¡¨ç¾ï¼Œè®“äººè³ºä¸åˆ°ä»€éº¼éŒ¢ï¼Œé‚£ä»–å€‘æ€éº¼æ´»ï¼Ÿç¤¾æœƒæ€éº¼ç™¼å±•ï¼Ÿ

æç¤ºï¼šä½ è¦æ±‚åˆ¥äººçš„æ™‚å€™ï¼Œä½ è¦å…ˆä»˜å‡ºï¼Œå› æœæ‰èƒ½æˆç«‹ã€‚
        ä½ æ€éº½æ¨£å°äººï¼Œäººäº¦æœƒæ€éº¼æ¨£å°ä½ ã€‚äººèˆ‡äººäº¤å¾€ä¸€å®šè¦å®ˆæ™‚ï¼Œä½ ä¸å®ˆæ™‚è¦æ±‚åˆ¥äººå®ˆæ™‚æ²’æœ‰é“ç†ã€‚æ¬ äººæ±è¥¿ä¸€å®šè¦é‚„çš„ï¼Œæ¬ äººæ™‚é–“ä¹Ÿä¸€æ¨£è¦é‚„çš„ã€‚äººå®¶è¦ä½ å¹«åŠ©æ™‚ï¼Œä½ å¸¸èªªç­‰ä¸€ä¸‹ï¼Œä½ è‡ªå·±å»è¾¦äº‹å°±ä¸è¦æ€ªåˆ¥äººè¦ä½ ç­‰ä¸€ä¸‹äº†ã€‚
        æ”¹é€ å‘½é‹åªèƒ½é è‡ªå·±æ”¹ã€‚
        é€¢äººè¦èªªå¥½è©±ï¼Œé€™æ˜¯åˆ¥äººå°ä½ èªªå¥½è©±çš„å› ã€‚æ¯å¤©å°äººæ–½æ¨ç¬‘å®¹ï¼Œæ–½æ¨å¥½è©±ï¼Œå¯ä»¥ä½¿èº«é‚Šçš„äººèº«å¿ƒå®‰æ¨‚ï¼Œé€™ä¹Ÿæ˜¯è¡Œå–„ï¼

        æœ‰ä¸€å€‹è€äººç‰¹åˆ¥çœï¼Œæˆ‘åˆ°ä»–å®¶ä¸€çœ‹ï¼Œå…¨æ˜¯ç ´çˆ›å †ï¼Œä»–é‚„èªªï¼šã€Œæˆ‘å‹¤å„‰ç¯€ç´„ã€ã€‚æˆ‘èªªï¼šã€Œä½ å®¶å€’æ¥£äº‹ä¹Ÿå¤šã€‚ã€ä»–èªªï¼šã€Œæ˜¯ï¼Œæˆ‘ä¹Ÿä¸çŸ¥é“æ€éº¼å›äº‹ã€‚ã€ã€Œä½ è²ªå¿ƒå•Šï¼æœ‰æ¨ä¸å¾—çš„å¿ƒï¼Œè²¡é‹å°±ä¸è¡Œã€‚ã€ä»–å•ï¼šã€Œé‚£æˆ‘æ€éº¼è®Šè²¡é‹ï¼Ÿã€ã€Œä½ æŠŠå®¶è£¡çš„ç ´çˆ›æ¨ä¸€æ¨ã€è³£ä¸€è³£ï¼Œæ”¯æ´åœ‹å®¶å»ºè¨­ã€‚ã€ä»–å•ï¼šã€Œéˆå—ï¼Ÿã€æˆ‘èªªï¼šã€Œéˆï¼ã€ä»–æŠŠç ´çˆ›è³£å®Œäº†ï¼Œä»–å…’å­å¤šå¹´æ²’æ‰¾åˆ°å·¥ä½œï¼Œçµæœæ‰¾è‘—äº†ã€‚

èˆ‰ä¸€å€‹ä¾‹å­ï¼š
       ä¸Šäº†å…¬å…±æ±½è»Šï¼Œä¸€å…ƒéŒ¢ã€‚å‰›å¥½ï¼Œåªæœ‰ä¸€å¼µåå…ƒï¼Œæ”¾äº†åå…ƒé€²æŠ•å¹£ç®±ï¼Œæ„Ÿè¦ºæˆ‘çš„åå…ƒæ²’æœ‰ç™½èŠ±ï¼Œé‚£ä½ ç¨®äº†9å…ƒéŒ¢çš„ç¨®å­ã€‚
æç¤ºï¼šæ¨çš„æ™‚å€™ä¸å¤ªæ¨‚æ„ï¼Œå¾—çš„æ™‚å€™ä¹Ÿæœƒå›°é›£ï¼Œé€™æ˜¯ç¾å¯¦ä¸­çœ¾å¤šçš„äººç‚ºä»€éº¼ä¾†éŒ¢é‚£éº¼å›°é›£çš„åŸå› ã€‚

ã€Œå¥½è®€æ›¸ï¼Œä¸æ±‚ç”šè§£ã€ã€‚é€™æ˜¯ä¸€å¥å¥½è©±ï¼Œç¾ä»£äººä¸æ˜ç™½é€™å€‹ä¹Ÿæ˜¯è®€æ›¸æ·å¾‘ã€‚é¸ä¸€äº›å¥½æ›¸çµ¦é‚„æ²’æœ‰ä¸Šå°å­¸çš„å°æœ‹å‹è®€ï¼Œä¸è¦è§£é‡‹ï¼Œè®“ä»–å€‘æ¯å¤©è®€ï¼Œæ…¢æ…¢ä»–å€‘å°±èƒ½å¤ èƒŒä¸‹ä¾†ï¼ŒèƒŒä¸‹ä¾†å¾Œé‚„è¦æ¯å¤©æ—©æ™šè®€ï¼Œæ…¢æ…¢å¿ƒä¸­å°±æœƒå¹³éœä¸‹ä¾†ï¼Œç”¢ç”Ÿå®šåŠ›ï¼›å¿ƒæœ‰å®šåŠ›ï¼ŒçŸ¥è­˜æ‰èƒ½è½‰åŒ–ç‚ºæ™ºæ…§ï¼Œç‚ºè‡ªå·±æ‰€ç”¨ã€‚

        ç§‘å­¸å®¶æ›¾åšäº†ä¸€å€‹è©¦é©—ï¼ŒæŠŠä¸€æ”¯ç»ç’ƒè©¦ç®¡æ’å…¥æ°´çš„å®¹å™¨å…§ï¼Œç„¶å¾Œï¼Œæ”¶é›†äººå€‘åœ¨ä¸åŒå¿ƒæ…‹ä¸‹çš„ã€Œæ°£æ°´ã€ï¼Œçµæœç™¼ç¾äº†ï¼šç•¶ä¸€å€‹äººå¿ƒå¹³æ°£å’Œæ™‚å‘¼å‡ºçš„æ°£é«”è®Šæˆæ°´å¾Œï¼Œæ¾„æ¸…é€æ˜ï¼Œç„¡è‰²ï¼›æ‚²ç—›ä¹‹æ™‚æ°´ä¸­æœ‰å°‘è¨±ç™½è‰²æ²‰æ¾±ï¼›ç”Ÿæ°£æ™‚å‰‡æœ‰ç´«è‰²çš„æ²‰æ¾±ã€‚ç•¶ä»–å€‘æŠŠå—è©¦è€…ç”Ÿæ°£æ™‚å‘¼å‡ºçš„ã€Œç”Ÿæ°£æ°´ã€ï¼Œæ³¨å°„åˆ°ä¸€éš»å¤§ç™½é¼ èº«ä¸Šï¼Œå¹¾åˆ†é˜å¾Œå¤§ç™½é¼ å°±æ­»äº†ã€‚
        å…ç–«åŠ›å¯ä»¥é€šéèº«é«”é›ç…‰ç­‰å¤šç¨®é€”å¾‘å¾—ä»¥å¢å¼·ï¼Œä½†æ˜¯ï¼Œäººå¿ƒç†çš„å¹³éœåº¦æ‰æ˜¯å…ç–«åŠ›çš„æœ¬æºã€‚
        ç™¼æ€’æ˜¯ã€Œç«ç‡’åŠŸå¾·æ—ã€ï¼Œå°‡ä½ ä»¥å‰è¾›è‹¦ç©ç´¯çš„ç¦å¾·åŒ–ç‚ºç°ç‡¼ã€‚ç‰¹åˆ¥æ˜¯é‡å°è‡ªå·±çš„æ™‚å€™ï¼Œåƒè¬ä¸èƒ½èµ·å—”æ¨å¿ƒã€‚ç”¨åˆ¥äººçš„éŒ¯èª¤ä¾†æ‡²ç½°è‡ªå·±ï¼Œæå¤±å¤ªå¤§äº†ï¼

ç”Ÿæ°£æ¨å¿ƒè€…å‘½é‚„æ˜¯ä¸å¥½ï¼Œæ‚²å‚·å®Œäº†ä¸¦ä¸ç”Ÿæ°£è€…ï¼Œå‘½é‹æœƒå¾ˆå¿«å¥½è½‰ï¼Œäº‹æ¥­é–‹å§‹è½‰é‹ã€‚

æ°£æ¨å¿ƒé‡çš„äººå‘½å¤šæ‚²æ…˜ï¼Œéš¨å’Œè¬™è®“çš„äººå‘½ç‰¹å¥½ï¼Œå¾—å¤©ä¹‹é“ã€‚è‹¥ç”Ÿæ°£æ¨å¿ƒï¼Œä»¥å¾Œå°±æœƒç™¼ç”Ÿä¸€ä»¶ç”Ÿæ°£çš„äº‹ï¼Œè‹¥å¤©å¤©å¦‚æ­¤ï¼Œå †ç©å¤ªå¤šäº†ï¼Œç½å®³å¿…é™ã€‚
        æœ‰çš„å¥³å­©å•æˆ‘æ€éº¼è®Šæ¼‚äº®ï¼Œæˆ‘èªªï¼šã€Œå¤©å¤©å¾®ç¬‘ï¼Œä¸‰å¹´ä»¥å¾Œå¿…è¦‹æˆæ•ˆã€‚ã€
       æœ‰ä¸€å€‹è€äººå¾ˆçª®ï¼Œæˆ‘æ•™ä»–åƒï¼š
    1.ã€Œæˆ‘ä¸æ‡‰è©²å—ä¸äº†å¥½ã€ã€‚å—ä¸äº†å¥½å°±æ˜¯è·Ÿè‡ªç„¶åŠ›è¼ƒå‹ï¼Œçµ¦éŒ¢ä¸è¦ï¼Œè‡ªç„¶åŠ›å°±ä¸çµ¦ä½ äº†ï¼Œä¸çµ¦ä½ åˆç”Ÿæ°£åˆåŸ‹æ€¨ï¼šã€Œæˆ‘æ€éº¼é€™éº¼çª®ã€é€™éº¼è‹¦ï¼Ÿã€

  2.å¤šåƒè‡ªå·±èªªçš„éé ­è©±ï¼Œã€Œçˆ­å–è®Šæˆå¥½æ±è¥¿ï¼Œå¥½æ±è¥¿æ²’éŒ¢ã€‚ã€

3.ã€Œæœ‰é‚£éº¼å¤šéŒ¢æœ‰ä»€éº¼ç”¨ï¼Ÿæˆ‘å¤ åƒå¤ å–å°±å¾—äº†ã€‚ã€å¿ƒå£å¦‚ä¸€ï¼Œè‡ªç„¶åŠ›æœƒä¿ä½‘é€™æ¨£çš„äººï¼Œå¿ƒå£ä¸ä¸€ã€‚è‡ªç„¶åŠ›è®“ä½ å¤ åƒå–ï¼Œæœ‰äº‹æ™‚æ²’éŒ¢ã€‚

4.ã€Œæˆ‘ä¸æ‡‰è©²çœ‹ä¸ä¸Šåˆ¥äººã€‚ã€
ä½ çœ‹ä¸ä¸Šåˆ¥äººï¼Œåˆ¥äººå°±çœ‹ä¸ä¸Šä½ çš„åº—ã€‚

5.ã€Œæˆ‘ä¸æ‡‰è©²è·Ÿäººè¼ƒå‹ã€ã€‚
ä½ è¼ƒå‹ï¼Œå®¢æˆ¶å°±è·Ÿä½ è¼ƒå‹ã€‚

6.äººä¸èƒ½æœ‰ç§å¿ƒï¼Œç™¼è²¡æ‡‰è©²å…ˆç¥é¡˜å®¢æˆ¶éƒ½èƒ½å¾—åˆ°æ»¿æ„çš„çµæœï¼Œèƒ½çµ¦ä»–å€‘å¸¶ä¾†å„ªè³ªçš„æœå‹™å’Œç¾å¥½çš„å›æ†¶ã€‚
æ›¸åï¼šå‘¨è€å¸«è¬›å¿ƒæ³•
æ­¡è¿ç¿»å°ã€‚
å¥½æ›¸ï¼šå¼Ÿå­è¦ã€‚

        äºé“å…‰å…ˆç”Ÿèªªï¼šæŸå¤œï¼Œæœ‰å€‹æ›¸ç”Ÿè·¯éæ±å¶½å»Ÿï¼Œæœ‰å€‹äººç«Ÿç„¶å¾ç·Šé–‰çš„å»Ÿé–€ä¸­ç©¿äº†å‡ºä¾†ï¼Œæ›¸ç”Ÿä¾¿æ’²å‘å‰å»ï¼Œè·ªå€’åœ¨åœ°ï¼Œå˜´å·´é‚„ç›´åš·åš·è‘—ï¼šç¥æ˜é¡¯éˆå•¦ï¼é‚£äººç«‹åˆ»ä¼¸æ‰‹å°‡ä»–æ”™æ‰¶èµ·ä¾†ï¼Œä¸¦å°ä»–èªªé“ï¼šã€Œé€™ä½ä»å…„èª¤æœƒäº†ï¼Œæˆ‘ä¸¦ä¸æ˜¯ä½ å£ä¸­æ‰€è¬‚çš„ç¥æ˜ï¼Œæˆ‘æ˜¯å³è‡ºå¸é¡å®˜ï¼Œå‡ºå·®åˆ°æ­¤ä¾†éé€çµ±è¨ˆè³‡æ–™çš„ã€‚ã€
ã€Œè«éå°±æ˜¯åœ¨ç®¡ç†é‚£é¢è¾¨åˆ¥ä¸–é–“å–„æƒ¡çš„æ¥­åŠ›é¡å—ï¼ã€
ã€Œä½ å‰›æ‰æ‰€æçš„æ¥­åŠ›é¡ï¼Œé¡¯ç¾çš„äººè¡¨ç¾åœ¨å¤–çš„å–„è¡Œèˆ‡æƒ¡äº‹ã€‚ã€
ã€Œè«¸å¤©ç¥æ˜ä¾¿æ±ºè­°ï¼Œå°‡åŸä¾†æ¥­åŠ›é¡ç§»åˆ°å·¦è‡ºï¼Œç”¨ä¾†é¡¯ç¾äººçš„ä½œç‚ºï¼›å†æ–¼å³è‡ºå¢è¨­é€™ä¸€é¢å¿ƒé¡ï¼Œè®“äººå¯ä»¥æ¸…æ¥šåœ°çœ‹åˆ°ä»–å€‘çš„å…§å¿ƒã€‚æ¸…æ¾ˆæ½”æ·¨å¦‚æ°´æ™¶çš„äººï¼Œå°±æ˜¯åƒä¸­é¸ä¸€ã€‚è€Œæˆ‘çš„å·¥ä½œå°±æ˜¯ç•¶äººé¢å°å¿ƒé¡æ™‚ï¼Œå¾æ—è¨˜éŒ„é¡ä¸­æ‰€é¡¯ç¾çš„ä¸€åˆ‡ï¼Œæ¯ä¸‰å€‹æœˆä¸€æ¬¡ï¼Œå°‡æ‰€è¨˜çš„è³‡æ–™é€åˆ°æ±å¶½å¤§å¸åº§å‰ï¼Œä½œç‚ºé™ç½ªè³œç¦çš„ä¾æ“šã€‚è‡³æ–¼é€™é™ç½ªè³œç¦çš„æ¨™æº–ï¼Œå‰‡æ˜¯åæ°£è¶Šå¤§ï¼Œå°å…¶è¦æ±‚è‡ªç„¶ä¹Ÿå°±è¶Šé«˜ã€è¶Šåš´ï¼›æ©é£¾çš„ä¼å€†è¶Šæ˜¯ç²¾ç´°ï¼Œé‚£éº¼è™•ç½°ä¹Ÿå°±è¶Šé‡ã€‚ã€
        æ›¸ç”Ÿè½å®Œå¾Œï¼Œä¾¿å†ä¸‰å‘ç¥å®˜æ‹œè¬ã€‚

ä½œè€… ç´€æ›‰åµ
      

å¾·æ¾¤è”­å¾Œ
        å®›å¹³ç¸£æœ‰å€‹é™³é¶´é½¡ã€‚ä»–å¼Ÿåª³è¦æ±‚åˆ†å®¶å¦å±…ã€‚å¼Ÿåª³èªªï¼šã€Œå¤§å“¥ä½ æ˜¯ä¸€å€‹ç”·å­æ¼¢ï¼Œèƒ½å¤šæ–¹ç¶“ç‡Ÿã€‚æˆ‘åªæ˜¯ä¸€å€‹å¯¡å©¦å¥³æµï¼Œå­å¥³åˆå°ï¼Œè«‹ä½ æŠŠå®¶ç”¢åˆ†çµ¦æˆ‘ä¸‰åˆ†ä¹‹äºŒã€‚ã€
        é™³é¶´å¹´èªªï¼šã€Œå¼Ÿåª³èªªçš„æ˜¯ï¼Œæ‡‰ç•¶ä¾å¾å¥¹ã€‚ã€
        å¼Ÿåª³åˆä»¥å­¤å¯¡ä¸èƒ½å‡ºå»è¿½ç´¢æ¬ å‚µç‚ºè—‰å£ï¼Œè¦æ±‚å†æŠŠç¾æœ‰è²¡è²¨åˆ†æˆå…©ä»½ï¼Œè€ŒæŠŠå¤šå¹´ä»¥ä¾†å‚µä¸»å°šæœªå„Ÿé‚„çš„å‚µåˆ¸ï¼ŒåŠ ä¸Šåˆ©æ¯ï¼Œä½œç‚ºé¶´é½¡æ‡‰å¾—çš„é‚£ä¸€ä»½ï¼Œé¶´é½¡ä¹Ÿå§”å±ˆåœ°æ‡‰æ‰¿ä¸‹ä¾†äº†ã€‚å¾Œä¾†é‚£äº›å‚µåˆ¸ï¼Œå¤§éƒ¨åˆ†éƒ½æ²’è¾¦æ³•ç´¢å–ï¼Œé¶´é½¡å› æ­¤é™·å…¥æ¥µç«¯è²§å›°ä¹‹ä¸­ã€‚é€™æ˜¯ä¹¾éš†ä¸™åˆï¼ˆ1786ï¼‰å¹´ç™¼ç”Ÿçš„äº‹ã€‚
        é€™ä¸€å¹´ï¼Œé¶´é½¡çš„å…’å­é™³ä¸‰ç«‹ï¼Œåœ¨é„‰è©¦è€ƒä¸­èˆ‰äººã€‚æˆ‘æœ‰ä¸€ä½åŒå¹´åå«ææ­¥ç‰ï¼Œä»–å’Œé™³é¶´é½¡ä½è™•ç›¸è¿‘ï¼Œå¾—çŸ¥ä¸‰ç«‹è€ƒä¸­èˆ‰äººï¼Œèªªï¼šã€Œçš‡å¤©çµ‚ç©¶é‚„æ˜¯æ²’æœ‰è™§å¾…å¥½å¿ƒçš„äººã€‚ã€

æ·³æ¨¸å¾—ç¦
        å¾¡å²èƒ¡ç‰§äº­å…ˆç”Ÿè¬›äº†ä¸€å€‹æ•…äº‹ï¼šä»–çš„å®¶é„‰æœ‰ä¸€ä½å¯Œç¿ï¼Œé€™äººä¸¦ä¸å–„æ–¼è³ºéŒ¢è¬€ç”Ÿï¼Œä½†ä»–çš„è²¡å¯Œç¸½åƒæ˜¯ç”¨ä¸å®Œï¼Œä»–ä¸æ‡‚å¾—èª¿é¤Šèº«é«”ï¼Œä½†ä»–ä¸€è¼©å­ä¹Ÿæ²’å¾—éä»€éº¼å¤§ç—…ï¼Œæœ‰æ™‚ç¢°åˆ°ç½ç¦ï¼Œä¹Ÿæœƒæ„å¤–å¾—åˆ°è§£æ±ºã€‚
        ä¸€æ¬¡ï¼Œå¶ç„¶æœ‰äººæ‰¶ä¹©å¬ä»™ï¼Œé„‰äººå°±ä»¥é€™å€‹ç–‘å•ä¾†è«‹æ•™ä¹©ä»™ã€‚
        ä¹©ä»™åˆ¤èªèªªï¼šã€Œé€™ä½å¯Œç¿ä¸Šè¼©å­ï¼Œä»–æ·³æ¨¸æ•¦åšï¼Œçµ²æ¯«æ²’æœ‰èˆ‡äººè¨ˆè¼ƒä¹‹å¿ƒï¼›ä»–æ‚ æ‚ å¿½å¿½ï¼Œå¾ä¾†æ²’æœ‰æ‚£å¾—æ‚£å¤±ä¹‹æ…®ï¼›ä»–é›–ç„¶è½è½æ¼ æ¼ ï¼Œä½†å¾…äººå¹³ç­‰ï¼Œå¿ƒä¸­ç„¡æ„›ç„¡æ†ï¼›ä»–è¥Ÿæ‡·å¦è•©ï¼Œç¸½æ˜¯ç›´å¿ƒç›´è¡Œï¼Œç„¡åç„¡ç§ã€‚æœ‰äººæ¬ºä¾®ä»–ï¼Œä»–ä¸èˆ‡ä¹‹çˆ­ç«¶ï¼›æœ‰äººæ¬ºé¨™ä»–ï¼Œä»–ä¸å¿ƒç”Ÿå·§è©ï¼›æœ‰äººä»¥æƒ¡è¨€èª¹è¬—ä»–ï¼Œä»–æ—¢ä¸å¿ƒæ‡·å—”æ¨ï¼Œä¹Ÿä¸å—”æ€’æ–¼äººï¼›æœ‰äººæé€ ç½ªç‹€é™·å®³ä»–ï¼Œä»–ä¹Ÿä¸å ±å¾©ã€‚ä¸€ç”Ÿå¹³åº¸ï¼Œè€æ­»æ–¼èŒ…èˆï¼Œä¸¦æ²’æœ‰ä»€éº¼åŠŸå¾·ï¼Œç¨æœ‰é‚£é¡†æ·³æ¨¸å–„è‰¯çš„å¿ƒï¼Œå»ç‚ºç¥æ˜æ‰€æ¬£è³ï¼Œæ‰€ä»¥é™ç¦æ–¼ä»–ï¼Œä½¿ä»–ä»Šç”Ÿçµ‚èº«å¹¸ç¦ã€‚ã€
        èƒ¡å…ˆç”Ÿæ‰€è¬›çš„é€™å€‹æ•…äº‹ï¼Œå¾æƒ…ç†ä¸Šèªªï¼Œä¸–é–“å€’çœŸæœ‰é€™ç¨®æƒ…æ³ã€‚

æ›¸åï¼šç´€æ›‰åµå¯«çš„å› æœæ•…äº‹

1.ç‚ºäººæ–½æ¨è²¡ç‰©ï¼Œæ•‘æ€¥æ‰¶å±
å«åšå–„ï¼Œè¡Œå–„çš„äººï¼Œå°‡ä¾†æº–å¯Œï¼Œå› ç‚ºå¤©ä¸è™§äººã€‚
2.å¤©ç†æ˜¯ï¼Œæ˜ä¸­æ–½æ¨ï¼Œæš—è£å¤©é‚„ï¼Œç‚ºäº†ç¾©èˆ‰ç›¡å¿ƒç«­åŠ›ï¼Œä»»å‹ä»»æ€¨ï¼Œå«åšåŠŸï¼Œæœ‰åŠŸæ–¼ä¸–çš„äººï¼Œæœƒæœ‰æ¬ŠæŸ„ï¼Œå› ç‚ºæ¨å·±ç‚ºäººæ˜¯å‡ºè²´çš„æ ¹ã€‚
3.äººå€Ÿè¡Œå–„ç«‹åŠŸï¼ŒæŠŠæ€§æƒ…ç·´å¾—çˆç«ç´”é’ã€‚é‡é€†å¢ƒéƒ½èƒ½å’Œé¡æ‚…è‰²åœ°å¿å—ï¼Œæ­»å¿ƒåŒ–æ€§ï¼Œæ‰å«åšå¾·ã€‚æœ‰å¾·æ€§çš„äººï¼Œæ‰èƒ½ç«‹ä½è¬å¤ã€‚
Â Â Â Â Â Â Â Â Â Â Â  å› ç‚ºæ•‘äººçš„æ€§æ˜¯ä¸€æ•‘è¬å¤ã€‚äººèƒ½åšåˆ°å–„åŠŸå¾·ä¸‰å€‹å­—ï¼Œå°±æ˜¯è–è³¢äº†ã€‚
Â Â Â Â Â Â Â Â Â Â Â  å¥½ä½”ä¾¿å®œçš„äººé•·é™°å‘½ï¼ˆé€ æƒ¡æ¥­ï¼‰ï¼›å¥½ç”Ÿæ€¨æ°£çš„äººæ¶ˆå®¿å‘½ï¼ˆæç¦å ±ï¼‰ï¼›å¥½å‹•æ€§ï¼ˆè€è„¾æ°£ï¼‰çš„äººï¼Œæ¶ˆå¤©å‘½ï¼ˆææ™ºæ…§ï¼‰ã€‚
Â Â Â Â Â Â Â  æ€¨äººæ˜¯è‹¦æµ·ï¼Œè¶Šæ€¨å¿ƒè£è¶Šé›£éï¼Œä»¥è‡´æ–¼ä¸æ˜¯ç”Ÿç—…ï¼Œå°±æ˜¯æ‹›ç¦ã€‚


ç¬‘ä¸ä½†é™¤ç—…é‚„èƒ½è½‰å‘½ã€‚

ç”Ÿæ°£å®¹æ˜“ä¸Šç«ï¼Œå“ªèƒ½ä¸ç”Ÿç—…å‘¢ï¼Ÿè‹¥èƒ½ä¸æ€¨äººï¼Œå¯ä»¥è§£ç„¡é‡çš„å†¤ã€‚æ‰¾å¥½è™•èƒ½ç”Ÿå•Ÿç™¼åŠ›ï¼Œèƒ½æ¥è¬äººç·£ï¼Œæ˜¯æ¶ˆå› æœçš„æ ¹ã€‚

æ›¸åï¼šç‹é³³å„€å–„äººè¡Œé“å¯¦éŒ„
æ­¡è¿ç¿»å°

æˆç‚ºã€Œå¯Œç¿ã€çš„ä¸‰å€‹è¦é …ï¼š
1.å¤šå­˜éŒ¢ï¼š
ä¹Ÿå°±æ˜¯ã€Œåšå¥½äº‹ã€åŠã€Œå­˜å¥½å¿ƒã€ã€‚

2.å°‘èŠ±ç”¨ï¼š
åœ¨å¿ƒå¿µä¸Šè¦ã€Œé™¤æƒ¡å¿µã€ã€‚
åœ¨è¡Œç‚ºä¸Šèƒ½ã€Œå°‘äº«ç¦ã€ã€‚

3.æé«˜åˆ©ç‡ï¼ˆæˆ–å ±é…¬ç‡ï¼‰ï¼š
ã€å¿ƒé‡æ”¾å¤§ã€‘ï¼Œå¿µå¿µç‚ºå»£å¤§çœ¾ç”Ÿï¼ä¸æ–·æ·¨åŒ–å¿ƒéˆï¼Œæ”¾ä¸‹æ”¾ä¸‹å†æ”¾ä¸‹ï¼

ç¥ˆé¡˜æ¯å€‹äººåœ¨é€™å€‹å®‡å®™éŠ€è¡Œè£¡ï¼Œéƒ½èƒ½æˆç‚ºå¤§å¯Œç¿ï¼

æ›¸åï¼šæœ€å¤§éŠ€è¡Œ
ä½œè€…ï¼šä¸æ·

æ­¡è¿ç¿»å°",[],,
"çµ¦åœ¨çœ‹é€™ç•™è¨€çš„ä½ ğŸ¥°â™¥ï¸ğŸ˜Šâ™¥ï¸ğŸ’¯æ˜¯å¸¥å“¥ç¾å¥³ğŸ’¯ğŸ¥°â™¥ï¸ğŸ˜Šâ™¥ï¸ğŸ’¯æ¼‚äº®å¤§å¤©ä½¿ä½ å¥½ğŸ’¯ğŸ˜Šå°Šæ•¬ä½©æœ â™¥ï¸é èº¬â™¥ï¸ç¥ç¦ä½ è¬äº‹å¦‚æ„â™¥ï¸å¥åº·å¹³å®‰ â™¥ï¸è²¡æºå»£é€²â™¥ï¸å¹¸ç¦ç¾æ»¿ â™¥ï¸å¤šç¦å¤šå£½ â™¥ï¸
â™¥ï¸ğŸ’¯è€¶ç©Œæ„›ä½  ğŸ’¯ğŸ’¯â™¥ï¸
ğŸ¥°â™¥ï¸ğŸ’¯å¥½è°æ˜ğŸ’¯å¥½æ„›å¿ƒâ™¥ï¸ğŸ’¯ä½ çœŸæ£’ğŸ’¯â™¥ï¸ğŸ’¯å¥½å¯¬å®å¤§é‡å¥½å¸¥ä½ çœŸæ£’ğŸ’¯â™¥ï¸å°Šæ•¬ä½©æœâ™¥ï¸é èº¬
çœŸæ­£çš„é«˜è²´ï¼Œæ˜¯è‡ªå·±åœ¨äººä¸–é–“æ‰€åšå–„äº‹å’Œè‡ªå·±å“å¾·ï¼ˆè‡ªå·±çš„å–„å¿ƒï¼‰ã€‚

ğŸ¥°â™¥ï¸è¬è¬ä½ æ„›å¿ƒâ™¥ï¸æ„Ÿè¬ä½ æ„›å¿ƒâ™¥ï¸æ¼‚äº®å¤§å¤©ä½¿æ„›å¿ƒğŸ’¯â™¥ï¸æ„Ÿæ© â™¥ï¸å°Šæ•¬ä½©æœâ™¥ï¸é èº¬",[],,
"Siempre sacando joyitas, te amo robğŸ’—",[],,
We didn't start off with pen and paper. Fake it until you make it. From pen and paper to the Moon brute Force stupidity equals extreme ingenuity.,[],,
